{
  "classification_report": {
    "COVID": {
      "precision": 0.9937888198757764,
      "recall": 0.9846153846153847,
      "f1-score": 0.9891808346213292,
      "support": 325.0
    },
    "NORMAL": {
      "precision": 0.9713467048710601,
      "recall": 0.9390581717451524,
      "f1-score": 0.9549295774647887,
      "support": 361.0
    },
    "PNEUMONIA": {
      "precision": 0.936,
      "recall": 0.975,
      "f1-score": 0.9551020408163265,
      "support": 360.0
    },
    "accuracy": 0.9655831739961759,
    "macro avg": {
      "precision": 0.9670451749156123,
      "recall": 0.9662245187868458,
      "f1-score": 0.9664041509674814,
      "support": 1046.0
    },
    "weighted avg": {
      "precision": 0.9661544234398471,
      "recall": 0.9655831739961759,
      "f1-score": 0.9656310548858492,
      "support": 1046.0
    }
  },
  "per_class_auc": {
    "COVID": 0.9964963192147658,
    "NORMAL": 0.994601370887842,
    "PNEUMONIA": 0.9942217363135731,
    "micro": 0.9951120356525267
  },
  "macro_auc": 0.9951064754720603,
  "micro_auc": 0.9951120356525267,
  "confusion_matrix": [
    [
      320,
      1,
      4
    ],
    [
      2,
      339,
      20
    ],
    [
      0,
      9,
      351
    ]
  ]
}