{
  "classification_report": {
    "Adenoma": {
      "precision": 0.9490979381443299,
      "recall": 0.9925876010781671,
      "f1-score": 0.9703557312252964,
      "support": 1484.0
    },
    "Hyperplastic": {
      "precision": 0.9938444320089536,
      "recall": 0.9574123989218328,
      "f1-score": 0.9752883031301482,
      "support": 1855.0
    },
    "accuracy": 0.9730458221024259,
    "macro avg": {
      "precision": 0.9714711850766418,
      "recall": 0.975,
      "f1-score": 0.9728220171777223,
      "support": 3339.0
    },
    "weighted avg": {
      "precision": 0.9739571014024542,
      "recall": 0.9730458221024259,
      "f1-score": 0.9730960489502141,
      "support": 3339.0
    }
  },
  "per_class_auc": {
    "Hyperplastic": 0.9989134778154766
  },
  "macro_auc": 0.9989134778154766,
  "micro_auc": 0.9989134778154766,
  "confusion_matrix": [
    [
      1473,
      11
    ],
    [
      79,
      1776
    ]
  ]
}