{
  "classification_report": {
    "COVID19": {
      "precision": 1.0,
      "recall": 0.9482758620689655,
      "f1-score": 0.9734513274336283,
      "support": 116.0
    },
    "NORMAL": {
      "precision": 0.9085365853658537,
      "recall": 0.9400630914826499,
      "f1-score": 0.924031007751938,
      "support": 317.0
    },
    "PNEUMONIA": {
      "precision": 0.9729411764705882,
      "recall": 0.9672514619883041,
      "f1-score": 0.9700879765395894,
      "support": 855.0
    },
    "accuracy": 0.9588509316770186,
    "macro avg": {
      "precision": 0.960492587278814,
      "recall": 0.9518634718466399,
      "f1-score": 0.9558567705750519,
      "support": 1288.0
    },
    "weighted avg": {
      "precision": 0.959527021306932,
      "recall": 0.9588509316770186,
      "f1-score": 0.9590554374076197,
      "support": 1288.0
    }
  },
  "per_class_auc": {
    "COVID19": 0.9998528892550312,
    "NORMAL": 0.9931320600246258,
    "PNEUMONIA": 0.9935469929635482,
    "micro": 0.9963773641545466
  },
  "macro_auc": 0.9955106474144017,
  "micro_auc": 0.9963773641545466,
  "confusion_matrix": [
    [
      110,
      2,
      4
    ],
    [
      0,
      298,
      19
    ],
    [
      0,
      28,
      827
    ]
  ]
}