{
  "classification_report": {
    "Adenoma": {
      "precision": 0.9655857048312376,
      "recall": 0.9831536388140162,
      "f1-score": 0.9742904841402337,
      "support": 1484.0
    },
    "Hyperplastic": {
      "precision": 0.9863238512035011,
      "recall": 0.9719676549865229,
      "f1-score": 0.9790931306000543,
      "support": 1855.0
    },
    "accuracy": 0.9769392033542977,
    "macro avg": {
      "precision": 0.9759547780173694,
      "recall": 0.9775606469002696,
      "f1-score": 0.976691807370144,
      "support": 3339.0
    },
    "weighted avg": {
      "precision": 0.9771068972602728,
      "recall": 0.9769392033542977,
      "f1-score": 0.9769586210623562,
      "support": 3339.0
    }
  },
  "per_class_auc": {
    "Hyperplastic": 0.9978778125703824
  },
  "macro_auc": 0.9978778125703824,
  "micro_auc": 0.9978778125703824,
  "confusion_matrix": [
    [
      1459,
      25
    ],
    [
      52,
      1803
    ]
  ]
}