{
  "classification_report": {
    "COVID": {
      "precision": 0.9876160990712074,
      "recall": 0.9815384615384616,
      "f1-score": 0.9845679012345679,
      "support": 325.0
    },
    "NORMAL": {
      "precision": 0.9662921348314607,
      "recall": 0.9529085872576177,
      "f1-score": 0.9595536959553695,
      "support": 361.0
    },
    "PNEUMONIA": {
      "precision": 0.9536784741144414,
      "recall": 0.9722222222222222,
      "f1-score": 0.9628610729023384,
      "support": 360.0
    },
    "accuracy": 0.9684512428298279,
    "macro avg": {
      "precision": 0.9691955693390365,
      "recall": 0.9688897570061005,
      "f1-score": 0.968994223364092,
      "support": 1046.0
    },
    "weighted avg": {
      "precision": 0.9685764278714135,
      "recall": 0.9684512428298279,
      "f1-score": 0.9684640902351479,
      "support": 1046.0
    }
  },
  "per_class_auc": {
    "COVID": 0.9978576763042782,
    "NORMAL": 0.9922235477283297,
    "PNEUMONIA": 0.9958657272432783,
    "micro": null
  },
  "macro_auc": 0.9953156504252955,
  "micro_auc": null,
  "confusion_matrix": [
    [
      319,
      4,
      2
    ],
    [
      2,
      344,
      15
    ],
    [
      2,
      8,
      350
    ]
  ]
}