{
  "classification_report": {
    "Non-Polyp": {
      "precision": 0.9803921568627451,
      "recall": 0.9900990099009901,
      "f1-score": 0.9852216748768473,
      "support": 303.0
    },
    "Polyp": {
      "precision": 0.9714285714285714,
      "recall": 0.9444444444444444,
      "f1-score": 0.9577464788732394,
      "support": 108.0
    },
    "accuracy": 0.9781021897810219,
    "macro avg": {
      "precision": 0.9759103641456582,
      "recall": 0.9672717271727173,
      "f1-score": 0.9714840768750433,
      "support": 411.0
    },
    "weighted avg": {
      "precision": 0.9780367621501155,
      "recall": 0.9781021897810219,
      "f1-score": 0.9780019153430525,
      "support": 411.0
    }
  },
  "per_class_auc": {
    "Polyp": 0.9961496149614961
  },
  "macro_auc": 0.9961496149614961,
  "micro_auc": 0.9961496149614961,
  "confusion_matrix": [
    [
      300,
      3
    ],
    [
      6,
      102
    ]
  ]
}