{
  "classification_report": {
    "COVID19": {
      "precision": 0.991304347826087,
      "recall": 0.9827586206896551,
      "f1-score": 0.987012987012987,
      "support": 116.0
    },
    "NORMAL": {
      "precision": 0.9017857142857143,
      "recall": 0.9558359621451105,
      "f1-score": 0.9280245022970903,
      "support": 317.0
    },
    "PNEUMONIA": {
      "precision": 0.984468339307049,
      "recall": 0.9637426900584796,
      "f1-score": 0.9739952718676123,
      "support": 855.0
    },
    "accuracy": 0.9635093167701864,
    "macro avg": {
      "precision": 0.9591861338062836,
      "recall": 0.9674457576310816,
      "f1-score": 0.9630109203925632,
      "support": 1288.0
    },
    "weighted avg": {
      "precision": 0.9647343213384506,
      "recall": 0.9635093167701864,
      "f1-score": 0.9638534403482086,
      "support": 1288.0
    }
  },
  "per_class_auc": {
    "COVID19": 0.9999264446275156,
    "NORMAL": 0.994085579600204,
    "PNEUMONIA": 0.9941169320529962,
    "micro": 0.9965820124127155
  },
  "macro_auc": 0.9960429854269052,
  "micro_auc": 0.9965820124127155,
  "confusion_matrix": [
    [
      114,
      2,
      0
    ],
    [
      1,
      303,
      13
    ],
    [
      0,
      31,
      824
    ]
  ]
}