{
  "classification_report": {
    "COVID19": {
      "precision": 1.0,
      "recall": 0.9224137931034483,
      "f1-score": 0.9596412556053812,
      "support": 116.0
    },
    "NORMAL": {
      "precision": 0.9085173501577287,
      "recall": 0.9085173501577287,
      "f1-score": 0.9085173501577287,
      "support": 317.0
    },
    "PNEUMONIA": {
      "precision": 0.9618055555555556,
      "recall": 0.9719298245614035,
      "f1-score": 0.9668411867364747,
      "support": 855.0
    },
    "accuracy": 0.9518633540372671,
    "macro avg": {
      "precision": 0.9567743019044282,
      "recall": 0.9342869892741935,
      "f1-score": 0.9449999308331948,
      "support": 1288.0
    },
    "weighted avg": {
      "precision": 0.9521302406832298,
      "recall": 0.9518633540372671,
      "f1-score": 0.9518381989983774,
      "support": 1288.0
    }
  },
  "per_class_auc": {
    "COVID19": 0.9999705778510063,
    "NORMAL": 0.9916960952804842,
    "PNEUMONIA": 0.9932498683197601,
    "micro": 0.9963769120597199
  },
  "macro_auc": 0.9949721804837502,
  "micro_auc": 0.9963769120597199,
  "confusion_matrix": [
    [
      107,
      5,
      4
    ],
    [
      0,
      288,
      29
    ],
    [
      0,
      24,
      831
    ]
  ]
}