{
  "classification_report": {
    "COVID": {
      "precision": 0.9876543209876543,
      "recall": 0.9846153846153847,
      "f1-score": 0.9861325115562404,
      "support": 325.0
    },
    "NORMAL": {
      "precision": 0.9637883008356546,
      "recall": 0.9584487534626038,
      "f1-score": 0.9611111111111111,
      "support": 361.0
    },
    "PNEUMONIA": {
      "precision": 0.9586776859504132,
      "recall": 0.9666666666666667,
      "f1-score": 0.9626556016597511,
      "support": 360.0
    },
    "accuracy": 0.9694072657743786,
    "macro avg": {
      "precision": 0.9700401025912407,
      "recall": 0.9699102682482184,
      "f1-score": 0.9699664081090341,
      "support": 1046.0
    },
    "weighted avg": {
      "precision": 0.9694447398325123,
      "recall": 0.9694072657743786,
      "f1-score": 0.9694170114382406,
      "support": 1046.0
    }
  },
  "per_class_auc": {
    "COVID": 0.997733916568868,
    "NORMAL": 0.9942819014497443,
    "PNEUMONIA": 0.996622934888241,
    "micro": 0.9964382204446329
  },
  "macro_auc": 0.9962129176356177,
  "micro_auc": 0.9964382204446329,
  "confusion_matrix": [
    [
      320,
      2,
      3
    ],
    [
      3,
      346,
      12
    ],
    [
      1,
      11,
      348
    ]
  ]
}