{
  "classification_report": {
    "Non-Polyp": {
      "precision": 0.9741100323624595,
      "recall": 0.9933993399339934,
      "f1-score": 0.9836601307189542,
      "support": 303.0
    },
    "Polyp": {
      "precision": 0.9803921568627451,
      "recall": 0.9259259259259259,
      "f1-score": 0.9523809523809523,
      "support": 108.0
    },
    "accuracy": 0.975669099756691,
    "macro avg": {
      "precision": 0.9772510946126023,
      "recall": 0.9596626329299597,
      "f1-score": 0.9680205415499532,
      "support": 411.0
    },
    "weighted avg": {
      "precision": 0.9757608096034105,
      "recall": 0.975669099756691,
      "f1-score": 0.9754407845863405,
      "support": 411.0
    }
  },
  "per_class_auc": {
    "Polyp": 0.9966079941327466
  },
  "macro_auc": 0.9966079941327466,
  "micro_auc": 0.9966079941327466,
  "confusion_matrix": [
    [
      301,
      2
    ],
    [
      8,
      100
    ]
  ]
}