{
  "classification_report": {
    "COVID19": {
      "precision": 0.9911504424778761,
      "recall": 0.9655172413793104,
      "f1-score": 0.9781659388646288,
      "support": 116.0
    },
    "NORMAL": {
      "precision": 0.8978328173374613,
      "recall": 0.9148264984227129,
      "f1-score": 0.90625,
      "support": 317.0
    },
    "PNEUMONIA": {
      "precision": 0.9671361502347418,
      "recall": 0.9637426900584796,
      "f1-score": 0.9654364381956649,
      "support": 855.0
    },
    "accuracy": 0.9518633540372671,
    "macro avg": {
      "precision": 0.9520398033500262,
      "recall": 0.9480288099535009,
      "f1-score": 0.9499507923534313,
      "support": 1288.0
    },
    "weighted avg": {
      "precision": 0.9522421295606468,
      "recall": 0.9518633540372671,
      "f1-score": 0.9520160353770114,
      "support": 1288.0
    }
  },
  "per_class_auc": {
    "COVID19": 0.9998234671060374,
    "NORMAL": 0.9885788822216519,
    "PNEUMONIA": 0.9900854908634171,
    "micro": 0.9947243547702636
  },
  "macro_auc": 0.9928292800637021,
  "micro_auc": 0.9947243547702636,
  "confusion_matrix": [
    [
      112,
      3,
      1
    ],
    [
      0,
      290,
      27
    ],
    [
      1,
      30,
      824
    ]
  ]
}