{
  "classification_report": {
    "Non-Polyp": {
      "precision": 0.9804560260586319,
      "recall": 0.9933993399339934,
      "f1-score": 0.9868852459016394,
      "support": 303.0
    },
    "Polyp": {
      "precision": 0.9807692307692307,
      "recall": 0.9444444444444444,
      "f1-score": 0.9622641509433962,
      "support": 108.0
    },
    "accuracy": 0.9805352798053528,
    "macro avg": {
      "precision": 0.9806126284139314,
      "recall": 0.9689218921892189,
      "f1-score": 0.9745746984225179,
      "support": 411.0
    },
    "weighted avg": {
      "precision": 0.9805383280263805,
      "recall": 0.9805352798053528,
      "f1-score": 0.980415469124291,
      "support": 411.0
    }
  },
  "per_class_auc": {
    "Polyp": 0.9970663733039971
  },
  "macro_auc": 0.9970663733039971,
  "micro_auc": 0.9970663733039971,
  "confusion_matrix": [
    [
      301,
      2
    ],
    [
      6,
      102
    ]
  ]
}