{
  "classification_report": {
    "Non-Polyp": {
      "precision": 0.9738562091503268,
      "recall": 0.9834983498349835,
      "f1-score": 0.9786535303776683,
      "support": 303.0
    },
    "Polyp": {
      "precision": 0.9523809523809523,
      "recall": 0.9259259259259259,
      "f1-score": 0.9389671361502347,
      "support": 108.0
    },
    "accuracy": 0.9683698296836983,
    "macro avg": {
      "precision": 0.9631185807656395,
      "recall": 0.9547121378804547,
      "f1-score": 0.9588103332639515,
      "support": 411.0
    },
    "weighted avg": {
      "precision": 0.9682130759846517,
      "recall": 0.9683698296836983,
      "f1-score": 0.9682249888288535,
      "support": 411.0
    }
  },
  "per_class_auc": {
    "Polyp": 0.9922381127001589
  },
  "macro_auc": 0.9922381127001589,
  "micro_auc": 0.9922381127001589,
  "confusion_matrix": [
    [
      298,
      5
    ],
    [
      8,
      100
    ]
  ]
}