{
  "classification_report": {
    "COVID": {
      "precision": 0.9906542056074766,
      "recall": 0.9784615384615385,
      "f1-score": 0.9845201238390093,
      "support": 325.0
    },
    "NORMAL": {
      "precision": 0.958904109589041,
      "recall": 0.9695290858725761,
      "f1-score": 0.9641873278236914,
      "support": 361.0
    },
    "PNEUMONIA": {
      "precision": 0.9666666666666667,
      "recall": 0.9666666666666667,
      "f1-score": 0.9666666666666667,
      "support": 360.0
    },
    "accuracy": 0.97131931166348,
    "macro avg": {
      "precision": 0.9720749939543948,
      "recall": 0.9715524303335937,
      "f1-score": 0.9717913727764559,
      "support": 1046.0
    },
    "weighted avg": {
      "precision": 0.9714407269446211,
      "recall": 0.97131931166348,
      "f1-score": 0.9713581889025149,
      "support": 1046.0
    }
  },
  "per_class_auc": {
    "COVID": 0.9984722074042462,
    "NORMAL": 0.9932709222152577,
    "PNEUMONIA": 0.9961289277615809,
    "micro": 0.9959819159942822
  },
  "macro_auc": 0.9959573524603617,
  "micro_auc": 0.9959819159942822,
  "confusion_matrix": [
    [
      318,
      3,
      4
    ],
    [
      3,
      350,
      8
    ],
    [
      0,
      12,
      348
    ]
  ]
}