{
  "classification_report": {
    "Non-Polyp": {
      "precision": 0.970873786407767,
      "recall": 0.9900990099009901,
      "f1-score": 0.9803921568627451,
      "support": 303.0
    },
    "Polyp": {
      "precision": 0.9705882352941176,
      "recall": 0.9166666666666666,
      "f1-score": 0.9428571428571428,
      "support": 108.0
    },
    "accuracy": 0.9708029197080292,
    "macro avg": {
      "precision": 0.9707310108509424,
      "recall": 0.9533828382838283,
      "f1-score": 0.9616246498599439,
      "support": 411.0
    },
    "weighted avg": {
      "precision": 0.9707987510786329,
      "recall": 0.9708029197080292,
      "f1-score": 0.9705289415036087,
      "support": 411.0
    }
  },
  "per_class_auc": {
    "Polyp": 0.9971580491382472
  },
  "macro_auc": 0.9971580491382472,
  "micro_auc": 0.9971580491382472,
  "confusion_matrix": [
    [
      300,
      3
    ],
    [
      9,
      99
    ]
  ]
}