{
  "classification_report": {
    "COVID19": {
      "precision": 1.0,
      "recall": 0.9568965517241379,
      "f1-score": 0.9779735682819384,
      "support": 116.0
    },
    "NORMAL": {
      "precision": 0.9074626865671642,
      "recall": 0.9589905362776026,
      "f1-score": 0.9325153374233128,
      "support": 317.0
    },
    "PNEUMONIA": {
      "precision": 0.9786223277909739,
      "recall": 0.9637426900584796,
      "f1-score": 0.9711255156157925,
      "support": 855.0
    },
    "accuracy": 0.9619565217391305,
    "macro avg": {
      "precision": 0.9620283381193794,
      "recall": 0.9598765926867401,
      "f1-score": 0.9605381404403479,
      "support": 1288.0
    },
    "weighted avg": {
      "precision": 0.9630339766328211,
      "recall": 0.9619565217391305,
      "f1-score": 0.9622396053846255,
      "support": 1288.0
    }
  },
  "per_class_auc": {
    "COVID19": 0.991438154642815,
    "NORMAL": 0.9938305496626133,
    "PNEUMONIA": 0.990404224572208,
    "micro": 0.9947299306064581
  },
  "macro_auc": 0.9918909762925455,
  "micro_auc": 0.9947299306064581,
  "confusion_matrix": [
    [
      111,
      0,
      5
    ],
    [
      0,
      304,
      13
    ],
    [
      0,
      31,
      824
    ]
  ]
}