{
  "classification_report": {
    "COVID19": {
      "precision": 0.9914529914529915,
      "recall": 1.0,
      "f1-score": 0.9957081545064378,
      "support": 116.0
    },
    "NORMAL": {
      "precision": 0.9088145896656535,
      "recall": 0.943217665615142,
      "f1-score": 0.9256965944272446,
      "support": 317.0
    },
    "PNEUMONIA": {
      "precision": 0.9798099762470309,
      "recall": 0.9649122807017544,
      "f1-score": 0.9723040659988215,
      "support": 855.0
    },
    "accuracy": 0.9627329192546584,
    "macro avg": {
      "precision": 0.9600258524552254,
      "recall": 0.9693766487722987,
      "f1-score": 0.9645696049775013,
      "support": 1288.0
    },
    "weighted avg": {
      "precision": 0.9633853273476479,
      "recall": 0.9627329192546584,
      "f1-score": 0.9629409493673725,
      "support": 1288.0
    }
  },
  "per_class_auc": {
    "COVID19": 1.0,
    "NORMAL": 0.9942187799497737,
    "PNEUMONIA": 0.9940494037248626,
    "micro": 0.9949680338817947
  },
  "macro_auc": 0.996089394558212,
  "micro_auc": 0.9949680338817947,
  "confusion_matrix": [
    [
      116,
      0,
      0
    ],
    [
      1,
      299,
      17
    ],
    [
      0,
      30,
      825
    ]
  ]
}