{
  "classification_report": {
    "COVID": {
      "precision": 0.9906832298136646,
      "recall": 0.9815384615384616,
      "f1-score": 0.9860896445131375,
      "support": 325.0
    },
    "NORMAL": {
      "precision": 0.961218836565097,
      "recall": 0.961218836565097,
      "f1-score": 0.961218836565097,
      "support": 361.0
    },
    "PNEUMONIA": {
      "precision": 0.9641873278236914,
      "recall": 0.9722222222222222,
      "f1-score": 0.9681881051175657,
      "support": 360.0
    },
    "accuracy": 0.97131931166348,
    "macro avg": {
      "precision": 0.9720297980674845,
      "recall": 0.9716598401085936,
      "f1-score": 0.9718321953986001,
      "support": 1046.0
    },
    "weighted avg": {
      "precision": 0.9713953037341969,
      "recall": 0.97131931166348,
      "f1-score": 0.9713449830870873,
      "support": 1046.0
    }
  },
  "per_class_auc": {
    "COVID": 0.9975333404459619,
    "NORMAL": 0.9910629435671392,
    "PNEUMONIA": 0.9949667962423063,
    "micro": 0.994940435931839
  },
  "macro_auc": 0.9945210267518024,
  "micro_auc": 0.994940435931839,
  "confusion_matrix": [
    [
      319,
      4,
      2
    ],
    [
      3,
      347,
      11
    ],
    [
      0,
      10,
      350
    ]
  ]
}