{
  "classification_report": {
    "COVID": {
      "precision": 0.9936908517350158,
      "recall": 0.9692307692307692,
      "f1-score": 0.9813084112149533,
      "support": 325.0
    },
    "NORMAL": {
      "precision": 0.9560439560439561,
      "recall": 0.96398891966759,
      "f1-score": 0.96,
      "support": 361.0
    },
    "PNEUMONIA": {
      "precision": 0.9616438356164384,
      "recall": 0.975,
      "f1-score": 0.9682758620689655,
      "support": 360.0
    },
    "accuracy": 0.9694072657743786,
    "macro avg": {
      "precision": 0.9704595477984701,
      "recall": 0.9694065629661197,
      "f1-score": 0.969861424427973,
      "support": 1046.0
    },
    "weighted avg": {
      "precision": 0.9696684280761626,
      "recall": 0.9694072657743786,
      "f1-score": 0.9694689713094526,
      "support": 1046.0
    }
  },
  "per_class_auc": {
    "COVID": 0.9972132721647285,
    "NORMAL": 0.9923772165719716,
    "PNEUMONIA": 0.9964893100097182,
    "micro": 0.9950814173268648
  },
  "macro_auc": 0.9953599329154729,
  "micro_auc": 0.9950814173268648,
  "confusion_matrix": [
    [
      315,
      7,
      3
    ],
    [
      2,
      348,
      11
    ],
    [
      0,
      9,
      351
    ]
  ]
}