{
  "classification_report": {
    "Adenoma": {
      "precision": 0.9592373438527285,
      "recall": 0.9831536388140162,
      "f1-score": 0.9710482529118136,
      "support": 1484.0
    },
    "Hyperplastic": {
      "precision": 0.9862486248624862,
      "recall": 0.9665768194070081,
      "f1-score": 0.976313640076232,
      "support": 1855.0
    },
    "accuracy": 0.9739442946990117,
    "macro avg": {
      "precision": 0.9727429843576074,
      "recall": 0.9748652291105122,
      "f1-score": 0.9736809464940228,
      "support": 3339.0
    },
    "weighted avg": {
      "precision": 0.9742436110803716,
      "recall": 0.9739442946990117,
      "f1-score": 0.9739734680031572,
      "support": 3339.0
    }
  },
  "per_class_auc": {
    "Hyperplastic": 0.9978603759054351
  },
  "macro_auc": 0.9978603759054351,
  "micro_auc": 0.9978603759054351,
  "confusion_matrix": [
    [
      1459,
      25
    ],
    [
      62,
      1793
    ]
  ]
}