{
  "classification_report": {
    "COVID": {
      "precision": 0.9907120743034056,
      "recall": 0.9846153846153847,
      "f1-score": 0.9876543209876543,
      "support": 325.0
    },
    "NORMAL": {
      "precision": 0.9719101123595506,
      "recall": 0.9584487534626038,
      "f1-score": 0.9651324965132496,
      "support": 361.0
    },
    "PNEUMONIA": {
      "precision": 0.9591280653950953,
      "recall": 0.9777777777777777,
      "f1-score": 0.9683631361760661,
      "support": 360.0
    },
    "accuracy": 0.9732313575525813,
    "macro avg": {
      "precision": 0.9739167506860172,
      "recall": 0.973613971951922,
      "f1-score": 0.9737166512256566,
      "support": 1046.0
    },
    "weighted avg": {
      "precision": 0.9733528472778575,
      "recall": 0.9732313575525813,
      "f1-score": 0.9732420789537807,
      "support": 1046.0
    }
  },
  "per_class_auc": {
    "COVID": 0.9987005227781927,
    "NORMAL": 0.9952969246011687,
    "PNEUMONIA": 0.9979186912860383,
    "micro": 0.9967318364780333
  },
  "macro_auc": 0.9973053795551333,
  "micro_auc": 0.9967318364780333,
  "confusion_matrix": [
    [
      320,
      2,
      3
    ],
    [
      3,
      346,
      12
    ],
    [
      0,
      8,
      352
    ]
  ]
}