{
  "classification_report": {
    "Non-Polyp": {
      "precision": 0.9616613418530351,
      "recall": 0.9933993399339934,
      "f1-score": 0.9772727272727273,
      "support": 303.0
    },
    "Polyp": {
      "precision": 0.9795918367346939,
      "recall": 0.8888888888888888,
      "f1-score": 0.9320388349514563,
      "support": 108.0
    },
    "accuracy": 0.9659367396593674,
    "macro avg": {
      "precision": 0.9706265892938645,
      "recall": 0.9411441144114412,
      "f1-score": 0.9546557811120918,
      "support": 411.0
    },
    "weighted avg": {
      "precision": 0.9663730047416461,
      "recall": 0.9659367396593674,
      "f1-score": 0.9653864489985248,
      "support": 411.0
    }
  },
  "per_class_auc": {
    "Polyp": 0.9926659332599927
  },
  "macro_auc": 0.9926659332599927,
  "micro_auc": 0.9926659332599927,
  "confusion_matrix": [
    [
      301,
      2
    ],
    [
      12,
      96
    ]
  ]
}