{
  "classification_report": {
    "Adenoma": {
      "precision": 0.9891082368958475,
      "recall": 0.97911051212938,
      "f1-score": 0.984083982390789,
      "support": 1484.0
    },
    "Hyperplastic": {
      "precision": 0.9834224598930481,
      "recall": 0.9913746630727763,
      "f1-score": 0.9873825503355704,
      "support": 1855.0
    },
    "accuracy": 0.9859239293201557,
    "macro avg": {
      "precision": 0.9862653483944478,
      "recall": 0.9852425876010782,
      "f1-score": 0.9857332663631797,
      "support": 3339.0
    },
    "weighted avg": {
      "precision": 0.9859494718942924,
      "recall": 0.9859239293201557,
      "f1-score": 0.9859165201378898,
      "support": 3339.0
    }
  },
  "per_class_auc": {
    "Hyperplastic": 0.9977659273036378
  },
  "macro_auc": 0.9977659273036378,
  "micro_auc": 0.9977659273036378,
  "confusion_matrix": [
    [
      1453,
      31
    ],
    [
      16,
      1839
    ]
  ]
}