{
  "classification_report": {
    "COVID19": {
      "precision": 1.0,
      "recall": 0.9827586206896551,
      "f1-score": 0.991304347826087,
      "support": 116.0
    },
    "NORMAL": {
      "precision": 0.9283489096573209,
      "recall": 0.9400630914826499,
      "f1-score": 0.9341692789968652,
      "support": 317.0
    },
    "PNEUMONIA": {
      "precision": 0.9753810082063306,
      "recall": 0.9730994152046784,
      "f1-score": 0.9742388758782201,
      "support": 855.0
    },
    "accuracy": 0.9658385093167702,
    "macro avg": {
      "precision": 0.967909972621217,
      "recall": 0.9653070424589943,
      "f1-score": 0.9665708342337241,
      "support": 1288.0
    },
    "weighted avg": {
      "precision": 0.9660227999827511,
      "recall": 0.9658385093167702,
      "f1-score": 0.9659139787777256,
      "support": 1288.0
    }
  },
  "per_class_auc": {
    "COVID19": 0.9999926444627516,
    "NORMAL": 0.9941001991507665,
    "PNEUMONIA": 0.9950785354456194,
    "micro": 0.9969727730411635
  },
  "macro_auc": 0.9963904596863792,
  "micro_auc": 0.9969727730411635,
  "confusion_matrix": [
    [
      114,
      0,
      2
    ],
    [
      0,
      298,
      19
    ],
    [
      0,
      23,
      832
    ]
  ]
}