{
  "classification_report": {
    "COVID": {
      "precision": 0.9876923076923076,
      "recall": 0.9876923076923076,
      "f1-score": 0.9876923076923076,
      "support": 325.0
    },
    "NORMAL": {
      "precision": 0.957983193277311,
      "recall": 0.9473684210526315,
      "f1-score": 0.9526462395543176,
      "support": 361.0
    },
    "PNEUMONIA": {
      "precision": 0.9478021978021978,
      "recall": 0.9583333333333334,
      "f1-score": 0.9530386740331491,
      "support": 360.0
    },
    "accuracy": 0.9636711281070746,
    "macro avg": {
      "precision": 0.9644925662572721,
      "recall": 0.9644646873594241,
      "f1-score": 0.9644590737599247,
      "support": 1046.0
    },
    "weighted avg": {
      "precision": 0.9637100611681647,
      "recall": 0.9636711281070746,
      "f1-score": 0.9636703777543426,
      "support": 1046.0
    }
  },
  "per_class_auc": {
    "COVID": 0.9970532380241118,
    "NORMAL": 0.9917140141941485,
    "PNEUMONIA": 0.9950153871072238,
    "micro": 0.9949911618146522
  },
  "macro_auc": 0.9945942131084946,
  "micro_auc": 0.9949911618146522,
  "confusion_matrix": [
    [
      321,
      1,
      3
    ],
    [
      3,
      342,
      16
    ],
    [
      1,
      14,
      345
    ]
  ]
}