{
  "classification_report": {
    "Adenoma": {
      "precision": 0.976790450928382,
      "recall": 0.9925876010781671,
      "f1-score": 0.9846256684491979,
      "support": 1484.0
    },
    "Hyperplastic": {
      "precision": 0.99399235390497,
      "recall": 0.9811320754716981,
      "f1-score": 0.9875203472599023,
      "support": 1855.0
    },
    "accuracy": 0.9862234201856843,
    "macro avg": {
      "precision": 0.985391402416676,
      "recall": 0.9868598382749326,
      "f1-score": 0.9860730078545501,
      "support": 3339.0
    },
    "weighted avg": {
      "precision": 0.9863470636931532,
      "recall": 0.9862234201856843,
      "f1-score": 0.9862338233440338,
      "support": 3339.0
    }
  },
  "per_class_auc": {
    "Hyperplastic": 0.9992731090300129
  },
  "macro_auc": 0.9992731090300129,
  "micro_auc": 0.9992731090300129,
  "confusion_matrix": [
    [
      1473,
      11
    ],
    [
      35,
      1820
    ]
  ]
}