{
  "classification_report": {
    "Non-Polyp": {
      "precision": 0.9773462783171522,
      "recall": 0.9966996699669967,
      "f1-score": 0.9869281045751634,
      "support": 303.0
    },
    "Polyp": {
      "precision": 0.9901960784313726,
      "recall": 0.9351851851851852,
      "f1-score": 0.9619047619047619,
      "support": 108.0
    },
    "accuracy": 0.9805352798053528,
    "macro avg": {
      "precision": 0.9837711783742624,
      "recall": 0.965942427576091,
      "f1-score": 0.9744164332399627,
      "support": 411.0
    },
    "weighted avg": {
      "precision": 0.9807228681281882,
      "recall": 0.9805352798053528,
      "f1-score": 0.9803526276690726,
      "support": 411.0
    }
  },
  "per_class_auc": {
    "Polyp": 0.9955078841217455
  },
  "macro_auc": 0.9955078841217455,
  "micro_auc": 0.9955078841217455,
  "confusion_matrix": [
    [
      302,
      1
    ],
    [
      7,
      101
    ]
  ]
}