{
  "classification_report": {
    "COVID": {
      "precision": 0.9906832298136646,
      "recall": 0.9815384615384616,
      "f1-score": 0.9860896445131375,
      "support": 325.0
    },
    "NORMAL": {
      "precision": 0.9720670391061452,
      "recall": 0.96398891966759,
      "f1-score": 0.9680111265646731,
      "support": 361.0
    },
    "PNEUMONIA": {
      "precision": 0.9644808743169399,
      "recall": 0.9805555555555555,
      "f1-score": 0.9724517906336089,
      "support": 360.0
    },
    "accuracy": 0.9751434034416826,
    "macro avg": {
      "precision": 0.9757437144122498,
      "recall": 0.9753609789205356,
      "f1-score": 0.9755175205704733,
      "support": 1046.0
    },
    "weighted avg": {
      "precision": 0.97524031124365,
      "recall": 0.9751434034416826,
      "f1-score": 0.9751565925284091,
      "support": 1046.0
    }
  },
  "per_class_auc": {
    "COVID": 0.9978768804011523,
    "NORMAL": 0.9926158076713105,
    "PNEUMONIA": 0.9965905409782961,
    "micro": 0.9957954641006987
  },
  "macro_auc": 0.9956944096835864,
  "micro_auc": 0.9957954641006987,
  "confusion_matrix": [
    [
      319,
      3,
      3
    ],
    [
      3,
      348,
      10
    ],
    [
      0,
      7,
      353
    ]
  ]
}