{
  "classification_report": {
    "Adenoma": {
      "precision": 0.9638633377135348,
      "recall": 0.988544474393531,
      "f1-score": 0.9760479041916168,
      "support": 1484.0
    },
    "Hyperplastic": {
      "precision": 0.9906439185470556,
      "recall": 0.9703504043126685,
      "f1-score": 0.9803921568627451,
      "support": 1855.0
    },
    "accuracy": 0.9784366576819407,
    "macro avg": {
      "precision": 0.9772536281302953,
      "recall": 0.9794474393530997,
      "f1-score": 0.9782200305271809,
      "support": 3339.0
    },
    "weighted avg": {
      "precision": 0.978741438176602,
      "recall": 0.9784366576819407,
      "f1-score": 0.9784613778977991,
      "support": 3339.0
    }
  },
  "per_class_auc": {
    "Hyperplastic": 0.9985843607645978
  },
  "macro_auc": 0.9985843607645978,
  "micro_auc": 0.9985843607645978,
  "confusion_matrix": [
    [
      1467,
      17
    ],
    [
      55,
      1800
    ]
  ]
}