{
  "classification_report": {
    "COVID": {
      "precision": 0.9907407407407407,
      "recall": 0.9876923076923076,
      "f1-score": 0.9892141756548536,
      "support": 325.0
    },
    "NORMAL": {
      "precision": 0.9640883977900553,
      "recall": 0.9667590027700831,
      "f1-score": 0.9654218533886584,
      "support": 361.0
    },
    "PNEUMONIA": {
      "precision": 0.9694444444444444,
      "recall": 0.9694444444444444,
      "f1-score": 0.9694444444444444,
      "support": 360.0
    },
    "accuracy": 0.9741873804971319,
    "macro avg": {
      "precision": 0.9747578609917468,
      "recall": 0.9746319183022784,
      "f1-score": 0.9746934911626521,
      "support": 1046.0
    },
    "weighted avg": {
      "precision": 0.9742128607485189,
      "recall": 0.9741873804971319,
      "f1-score": 0.9741987535001273,
      "support": 1046.0
    }
  },
  "per_class_auc": {
    "COVID": 0.9979088872292756,
    "NORMAL": 0.9936874456598662,
    "PNEUMONIA": 0.9969792678976352,
    "micro": 0.9960751419410739
  },
  "macro_auc": 0.9961918669289257,
  "micro_auc": 0.9960751419410739,
  "confusion_matrix": [
    [
      321,
      2,
      2
    ],
    [
      3,
      349,
      9
    ],
    [
      0,
      11,
      349
    ]
  ]
}