{
  "classification_report": {
    "Non-Polyp": {
      "precision": 0.9706840390879479,
      "recall": 0.9834983498349835,
      "f1-score": 0.9770491803278688,
      "support": 303.0
    },
    "Polyp": {
      "precision": 0.9519230769230769,
      "recall": 0.9166666666666666,
      "f1-score": 0.9339622641509434,
      "support": 108.0
    },
    "accuracy": 0.9659367396593674,
    "macro avg": {
      "precision": 0.9613035580055124,
      "recall": 0.9500825082508251,
      "f1-score": 0.9555057222394061,
      "support": 411.0
    },
    "weighted avg": {
      "precision": 0.9657541512198067,
      "recall": 0.9659367396593674,
      "f1-score": 0.9657270709675089,
      "support": 411.0
    }
  },
  "per_class_auc": {
    "Polyp": 0.9926659332599926
  },
  "macro_auc": 0.9926659332599926,
  "micro_auc": 0.9926659332599926,
  "confusion_matrix": [
    [
      298,
      5
    ],
    [
      9,
      99
    ]
  ]
}