{
  "classification_report": {
    "COVID19": {
      "precision": 0.990909090909091,
      "recall": 0.9396551724137931,
      "f1-score": 0.9646017699115044,
      "support": 116.0
    },
    "NORMAL": {
      "precision": 0.8950617283950617,
      "recall": 0.9148264984227129,
      "f1-score": 0.9048361934477379,
      "support": 317.0
    },
    "PNEUMONIA": {
      "precision": 0.9672131147540983,
      "recall": 0.9660818713450292,
      "f1-score": 0.9666471620830895,
      "support": 855.0
    },
    "accuracy": 0.9510869565217391,
    "macro avg": {
      "precision": 0.9510613113527503,
      "recall": 0.9401878473938451,
      "f1-score": 0.9453617084807773,
      "support": 1288.0
    },
    "weighted avg": {
      "precision": 0.951589468603605,
      "recall": 0.9510869565217391,
      "f1-score": 0.9512501569982212,
      "support": 1288.0
    }
  },
  "per_class_auc": {
    "COVID19": 0.9998749558667765,
    "NORMAL": 0.9902276426462036,
    "PNEUMONIA": 0.9915913725807977,
    "micro": 0.9954611186393272
  },
  "macro_auc": 0.9938979903645926,
  "micro_auc": 0.9954611186393272,
  "confusion_matrix": [
    [
      109,
      5,
      2
    ],
    [
      1,
      290,
      26
    ],
    [
      0,
      29,
      826
    ]
  ]
}