{
  "classification_report": {
    "Non-Polyp": {
      "precision": 0.9800664451827242,
      "recall": 0.9735973597359736,
      "f1-score": 0.9768211920529801,
      "support": 303.0
    },
    "Polyp": {
      "precision": 0.9272727272727272,
      "recall": 0.9444444444444444,
      "f1-score": 0.9357798165137615,
      "support": 108.0
    },
    "accuracy": 0.9659367396593674,
    "macro avg": {
      "precision": 0.9536695862277258,
      "recall": 0.959020902090209,
      "f1-score": 0.9563005042833708,
      "support": 411.0
    },
    "weighted avg": {
      "precision": 0.9661936433961557,
      "recall": 0.9659367396593674,
      "f1-score": 0.9660365970207766,
      "support": 411.0
    }
  },
  "per_class_auc": {
    "Polyp": 0.994652243002078
  },
  "macro_auc": 0.994652243002078,
  "micro_auc": 0.994652243002078,
  "confusion_matrix": [
    [
      295,
      8
    ],
    [
      6,
      102
    ]
  ]
}