{
  "classification_report": {
    "Adenoma": {
      "precision": 0.9766199064796259,
      "recall": 0.9851752021563343,
      "f1-score": 0.9808788996980878,
      "support": 1484.0
    },
    "Hyperplastic": {
      "precision": 0.988056460369164,
      "recall": 0.9811320754716981,
      "f1-score": 0.9845820935893969,
      "support": 1855.0
    },
    "accuracy": 0.9829290206648698,
    "macro avg": {
      "precision": 0.9823381834243949,
      "recall": 0.9831536388140162,
      "f1-score": 0.9827304966437423,
      "support": 3339.0
    },
    "weighted avg": {
      "precision": 0.9829735475293693,
      "recall": 0.9829290206648698,
      "f1-score": 0.9829362296377039,
      "support": 3339.0
    }
  },
  "per_class_auc": {
    "Hyperplastic": 0.9984432327576813
  },
  "macro_auc": 0.9984432327576813,
  "micro_auc": 0.9984432327576813,
  "confusion_matrix": [
    [
      1462,
      22
    ],
    [
      35,
      1820
    ]
  ]
}