{
  "classification_report": {
    "Non-Polyp": {
      "precision": 0.9801324503311258,
      "recall": 0.976897689768977,
      "f1-score": 0.9785123966942149,
      "support": 303.0
    },
    "Polyp": {
      "precision": 0.9357798165137615,
      "recall": 0.9444444444444444,
      "f1-score": 0.9400921658986175,
      "support": 108.0
    },
    "accuracy": 0.9683698296836983,
    "macro avg": {
      "precision": 0.9579561334224437,
      "recall": 0.9606710671067107,
      "f1-score": 0.9593022812964163,
      "support": 411.0
    },
    "weighted avg": {
      "precision": 0.9684777436345923,
      "recall": 0.9683698296836983,
      "f1-score": 0.9684165696238389,
      "support": 411.0
    }
  },
  "per_class_auc": {
    "Polyp": 0.9905573890722406
  },
  "macro_auc": 0.9905573890722406,
  "micro_auc": 0.9905573890722406,
  "confusion_matrix": [
    [
      296,
      7
    ],
    [
      6,
      102
    ]
  ]
}