{
  "classification_report": {
    "COVID19": {
      "precision": 1.0,
      "recall": 0.9741379310344828,
      "f1-score": 0.9868995633187773,
      "support": 116.0
    },
    "NORMAL": {
      "precision": 0.911042944785276,
      "recall": 0.9369085173501577,
      "f1-score": 0.9237947122861586,
      "support": 317.0
    },
    "PNEUMONIA": {
      "precision": 0.9729093050647821,
      "recall": 0.9660818713450292,
      "f1-score": 0.9694835680751174,
      "support": 855.0
    },
    "accuracy": 0.9596273291925466,
    "macro avg": {
      "precision": 0.9613174166166859,
      "recall": 0.9590427732432231,
      "f1-score": 0.9600592812266844,
      "support": 1288.0
    },
    "weighted avg": {
      "precision": 0.9601227246330134,
      "recall": 0.9596273291925466,
      "f1-score": 0.9598072390092515,
      "support": 1288.0
    }
  },
  "per_class_auc": {
    "COVID19": 0.9999558667765094,
    "NORMAL": 0.9932555140071538,
    "PNEUMONIA": 0.993935956133598,
    "micro": 0.9964320676285638
  },
  "macro_auc": 0.9957157789724205,
  "micro_auc": 0.9964320676285638,
  "confusion_matrix": [
    [
      113,
      0,
      3
    ],
    [
      0,
      297,
      20
    ],
    [
      0,
      29,
      826
    ]
  ]
}