{
  "classification_report": {
    "Adenoma": {
      "precision": 0.9632352941176471,
      "recall": 0.9710242587601078,
      "f1-score": 0.9671140939597316,
      "support": 1484.0
    },
    "Hyperplastic": {
      "precision": 0.9766684753119913,
      "recall": 0.9703504043126685,
      "f1-score": 0.9734991887506761,
      "support": 1855.0
    },
    "accuracy": 0.9706498951781971,
    "macro avg": {
      "precision": 0.9699518847148192,
      "recall": 0.9706873315363882,
      "f1-score": 0.9703066413552038,
      "support": 3339.0
    },
    "weighted avg": {
      "precision": 0.9706981725589494,
      "recall": 0.9706498951781971,
      "f1-score": 0.9706613688435897,
      "support": 3339.0
    }
  },
  "per_class_auc": {
    "Hyperplastic": 0.9968483228107904
  },
  "macro_auc": 0.9968483228107904,
  "micro_auc": 0.9968483228107904,
  "confusion_matrix": [
    [
      1441,
      43
    ],
    [
      55,
      1800
    ]
  ]
}