{
  "classification_report": {
    "COVID": {
      "precision": 0.9874213836477987,
      "recall": 0.9661538461538461,
      "f1-score": 0.9766718506998445,
      "support": 325.0
    },
    "NORMAL": {
      "precision": 0.9613259668508287,
      "recall": 0.96398891966759,
      "f1-score": 0.9626556016597511,
      "support": 361.0
    },
    "PNEUMONIA": {
      "precision": 0.9562841530054644,
      "recall": 0.9722222222222222,
      "f1-score": 0.9641873278236914,
      "support": 360.0
    },
    "accuracy": 0.9674952198852772,
    "macro avg": {
      "precision": 0.968343834501364,
      "recall": 0.9674549960145528,
      "f1-score": 0.9678382600610957,
      "support": 1046.0
    },
    "weighted avg": {
      "precision": 0.9676987751440258,
      "recall": 0.9674952198852772,
      "f1-score": 0.9675377262840807,
      "support": 1046.0
    }
  },
  "per_class_auc": {
    "COVID": 0.9977296489917848,
    "NORMAL": 0.9938977293406395,
    "PNEUMONIA": 0.9957078069322968,
    "micro": 0.9953684070062041
  },
  "macro_auc": 0.9957783950882404,
  "micro_auc": 0.9953684070062041,
  "confusion_matrix": [
    [
      314,
      5,
      6
    ],
    [
      3,
      348,
      10
    ],
    [
      1,
      9,
      350
    ]
  ]
}