{
  "classification_report": {
    "COVID": {
      "precision": 0.9907407407407407,
      "recall": 0.9876923076923076,
      "f1-score": 0.9892141756548536,
      "support": 325.0
    },
    "NORMAL": {
      "precision": 0.9538043478260869,
      "recall": 0.9722991689750693,
      "f1-score": 0.9629629629629629,
      "support": 361.0
    },
    "PNEUMONIA": {
      "precision": 0.9717514124293786,
      "recall": 0.9555555555555556,
      "f1-score": 0.9635854341736695,
      "support": 360.0
    },
    "accuracy": 0.97131931166348,
    "macro avg": {
      "precision": 0.9720988336654021,
      "recall": 0.9718490107409775,
      "f1-score": 0.9719208575971621,
      "support": 1046.0
    },
    "weighted avg": {
      "precision": 0.9714575705358838,
      "recall": 0.97131931166348,
      "f1-score": 0.9713336453345871,
      "support": 1046.0
    }
  },
  "per_class_auc": {
    "COVID": 0.9977317827803265,
    "NORMAL": 0.9935378207331621,
    "PNEUMONIA": 0.9959750566893424,
    "micro": 0.9959741471653828
  },
  "macro_auc": 0.9957482200676102,
  "micro_auc": 0.9959741471653828,
  "confusion_matrix": [
    [
      321,
      2,
      2
    ],
    [
      2,
      351,
      8
    ],
    [
      1,
      15,
      344
    ]
  ]
}