{
  "classification_report": {
    "COVID19": {
      "precision": 0.9824561403508771,
      "recall": 0.9655172413793104,
      "f1-score": 0.9739130434782609,
      "support": 116.0
    },
    "NORMAL": {
      "precision": 0.9041916167664671,
      "recall": 0.9526813880126183,
      "f1-score": 0.9278033794162827,
      "support": 317.0
    },
    "PNEUMONIA": {
      "precision": 0.9809523809523809,
      "recall": 0.9637426900584796,
      "f1-score": 0.9722713864306785,
      "support": 855.0
    },
    "accuracy": 0.9611801242236024,
    "macro avg": {
      "precision": 0.9558667126899084,
      "recall": 0.9606471064834694,
      "f1-score": 0.9579959364417406,
      "support": 1288.0
    },
    "weighted avg": {
      "precision": 0.9621956059859919,
      "recall": 0.9611801242236024,
      "f1-score": 0.9614748600284704,
      "support": 1288.0
    }
  },
  "per_class_auc": {
    "COVID19": 0.999867600329528,
    "NORMAL": 0.9928705325090073,
    "PNEUMONIA": 0.9932093513228799,
    "micro": 0.9954600637513984
  },
  "macro_auc": 0.9953158280538051,
  "micro_auc": 0.9954600637513984,
  "confusion_matrix": [
    [
      112,
      2,
      2
    ],
    [
      1,
      302,
      14
    ],
    [
      1,
      30,
      824
    ]
  ]
}