{
  "classification_report": {
    "COVID19": {
      "precision": 1.0,
      "recall": 0.9655172413793104,
      "f1-score": 0.9824561403508771,
      "support": 116.0
    },
    "NORMAL": {
      "precision": 0.906060606060606,
      "recall": 0.943217665615142,
      "f1-score": 0.9242658423493045,
      "support": 317.0
    },
    "PNEUMONIA": {
      "precision": 0.975177304964539,
      "recall": 0.9649122807017544,
      "f1-score": 0.9700176366843033,
      "support": 855.0
    },
    "accuracy": 0.9596273291925466,
    "macro avg": {
      "precision": 0.9604126370083818,
      "recall": 0.9578823958987356,
      "f1-score": 0.958913206461495,
      "support": 1288.0
    },
    "weighted avg": {
      "precision": 0.9604020247406002,
      "recall": 0.9596273291925466,
      "f1-score": 0.9598775339056758,
      "support": 1288.0
    }
  },
  "per_class_auc": {
    "COVID19": 0.9999852889255031,
    "NORMAL": 0.9935251634953072,
    "PNEUMONIA": 0.9938913874370299,
    "micro": 0.9961612628274372
  },
  "macro_auc": 0.9958006132859468,
  "micro_auc": 0.9961612628274372,
  "confusion_matrix": [
    [
      112,
      1,
      3
    ],
    [
      0,
      299,
      18
    ],
    [
      0,
      30,
      825
    ]
  ]
}