{
  "classification_report": {
    "COVID19": {
      "precision": 1.0,
      "recall": 0.9913793103448276,
      "f1-score": 0.9956709956709957,
      "support": 116.0
    },
    "NORMAL": {
      "precision": 0.9371069182389937,
      "recall": 0.9400630914826499,
      "f1-score": 0.9385826771653544,
      "support": 317.0
    },
    "PNEUMONIA": {
      "precision": 0.9766081871345029,
      "recall": 0.9766081871345029,
      "f1-score": 0.9766081871345029,
      "support": 855.0
    },
    "accuracy": 0.968944099378882,
    "macro avg": {
      "precision": 0.9712383684578322,
      "recall": 0.9693501963206602,
      "f1-score": 0.9702872866569511,
      "support": 1288.0
    },
    "weighted avg": {
      "precision": 0.9689929294113052,
      "recall": 0.968944099378882,
      "f1-score": 0.9689662609932087,
      "support": 1288.0
    }
  },
  "per_class_auc": {
    "COVID19": 1.0,
    "NORMAL": 0.9948003131832609,
    "PNEUMONIA": 0.9951136501762489,
    "micro": 0.997606157893214
  },
  "macro_auc": 0.9966379877865031,
  "micro_auc": 0.997606157893214,
  "confusion_matrix": [
    [
      115,
      0,
      1
    ],
    [
      0,
      298,
      19
    ],
    [
      0,
      20,
      835
    ]
  ]
}