{
  "classification_report": {
    "COVID19": {
      "precision": 0.9824561403508771,
      "recall": 0.9655172413793104,
      "f1-score": 0.9739130434782609,
      "support": 116.0
    },
    "NORMAL": {
      "precision": 0.9206349206349206,
      "recall": 0.9148264984227129,
      "f1-score": 0.9177215189873418,
      "support": 317.0
    },
    "PNEUMONIA": {
      "precision": 0.9685681024447031,
      "recall": 0.9730994152046784,
      "f1-score": 0.970828471411902,
      "support": 855.0
    },
    "accuracy": 0.9580745341614907,
    "macro avg": {
      "precision": 0.9572197211435003,
      "recall": 0.9511477183355672,
      "f1-score": 0.9541543446258349,
      "support": 1288.0
    },
    "weighted avg": {
      "precision": 0.9580216690312057,
      "recall": 0.9580745341614907,
      "f1-score": 0.9580356969096597,
      "support": 1288.0
    }
  },
  "per_class_auc": {
    "COVID19": 0.9997057785100624,
    "NORMAL": 0.9908611565039132,
    "PNEUMONIA": 0.9919749334845969,
    "micro": 0.9955456603718992
  },
  "macro_auc": 0.9941806228328574,
  "micro_auc": 0.9955456603718992,
  "confusion_matrix": [
    [
      112,
      2,
      2
    ],
    [
      2,
      290,
      25
    ],
    [
      0,
      23,
      832
    ]
  ]
}