{
  "classification_report": {
    "COVID": {
      "precision": 0.9875389408099688,
      "recall": 0.9753846153846154,
      "f1-score": 0.9814241486068112,
      "support": 325.0
    },
    "NORMAL": {
      "precision": 0.9617486338797814,
      "recall": 0.9750692520775623,
      "f1-score": 0.9683631361760661,
      "support": 361.0
    },
    "PNEUMONIA": {
      "precision": 0.9721448467966574,
      "recall": 0.9694444444444444,
      "f1-score": 0.9707927677329624,
      "support": 360.0
    },
    "accuracy": 0.9732313575525813,
    "macro avg": {
      "precision": 0.973810807162136,
      "recall": 0.9732994373022074,
      "f1-score": 0.9735266841719467,
      "support": 1046.0
    },
    "weighted avg": {
      "precision": 0.9733399210713553,
      "recall": 0.9732313575525813,
      "f1-score": 0.9732574921994647,
      "support": 1046.0
    }
  },
  "per_class_auc": {
    "COVID": 0.9981179985063481,
    "NORMAL": 0.9938896415067635,
    "PNEUMONIA": 0.9970521541950114,
    "micro": 0.996157857119355
  },
  "macro_auc": 0.996353264736041,
  "micro_auc": 0.996157857119355,
  "confusion_matrix": [
    [
      317,
      4,
      4
    ],
    [
      3,
      352,
      6
    ],
    [
      1,
      10,
      349
    ]
  ]
}