{
  "classification_report": {
    "COVID": {
      "precision": 0.99079754601227,
      "recall": 0.9938461538461538,
      "f1-score": 0.9923195084485407,
      "support": 325.0
    },
    "NORMAL": {
      "precision": 0.9881305637982196,
      "recall": 0.9224376731301939,
      "f1-score": 0.9541547277936963,
      "support": 361.0
    },
    "PNEUMONIA": {
      "precision": 0.9321148825065274,
      "recall": 0.9916666666666667,
      "f1-score": 0.9609690444145357,
      "support": 360.0
    },
    "accuracy": 0.9684512428298279,
    "macro avg": {
      "precision": 0.9703476641056724,
      "recall": 0.9693168312143382,
      "f1-score": 0.9691477602189242,
      "support": 1046.0
    },
    "weighted avg": {
      "precision": 0.969680395494737,
      "recall": 0.9684512428298279,
      "f1-score": 0.9683580812318671,
      "support": 1046.0
    }
  },
  "per_class_auc": {
    "COVID": 0.9983569828230023,
    "NORMAL": 0.9933518005540166,
    "PNEUMONIA": 0.9969590217039196,
    "micro": 0.9948570352686553
  },
  "macro_auc": 0.9962226016936461,
  "micro_auc": 0.9948570352686553,
  "confusion_matrix": [
    [
      323,
      1,
      1
    ],
    [
      3,
      333,
      25
    ],
    [
      0,
      3,
      357
    ]
  ]
}