{
  "classification_report": {
    "Non-Polyp": {
      "precision": 0.974025974025974,
      "recall": 0.9900990099009901,
      "f1-score": 0.9819967266775778,
      "support": 303.0
    },
    "Polyp": {
      "precision": 0.970873786407767,
      "recall": 0.9259259259259259,
      "f1-score": 0.9478672985781991,
      "support": 108.0
    },
    "accuracy": 0.9732360097323601,
    "macro avg": {
      "precision": 0.9724498802168705,
      "recall": 0.9580124679134581,
      "f1-score": 0.9649320126278884,
      "support": 411.0
    },
    "weighted avg": {
      "precision": 0.9731976619511167,
      "recall": 0.9732360097323601,
      "f1-score": 0.9730284098047483,
      "support": 411.0
    }
  },
  "per_class_auc": {
    "Polyp": 0.9946828016134946
  },
  "macro_auc": 0.9946828016134946,
  "micro_auc": 0.9946828016134946,
  "confusion_matrix": [
    [
      300,
      3
    ],
    [
      8,
      100
    ]
  ]
}